剧本ID,剧本名称,剧目类别,角色总数,实际关系数,网络密度,度中心化
01001001,空城计,历史戏,7,21,1.0,0.0
01001002,洪羊洞,家庭戏,9,17,0.472222,0.678571
01001003,三娘教子,家庭戏,3,3,1.0,0.0
01001004,乌盆计,公案戏,4,6,1.0,0.0
01001005,打鼓骂曹,历史戏,2,1,1.0,0
01001006,捉放曹,历史戏,6,10,0.666667,0.5
01001007,桑园寄子,家庭戏,2,1,1.0,0
01001008,取成都,历史戏,5,8,0.8,0.333333
01001009,硃砂痣,家庭戏,6,9,0.6,0.3
01001010,黄金台,历史戏,6,11,0.733333,0.4
01001011,文昭关,历史戏,4,5,0.833333,0.333333
01001012,黄鹤楼,历史戏,6,9,0.6,0.3
01001013,天水关,历史戏,3,2,0.666667,1.0
01001014,七星灯,神怪戏,3,3,1.0,0.0
01001015,战北原,历史戏,2,1,1.0,0
01001016,牧羊卷,家庭戏,8,28,1.0,0.0
01001017,清官册,公案戏,5,6,0.6,0.666667
01001018,双狮图,家庭戏,3,3,1.0,0.0
01001019,柴桑口,历史戏,3,3,1.0,0.0
01001020,宋江闹院,江湖戏,3,3,1.0,0.0
01002001,李陵碑,历史戏,3,3,1.0,0.0
01002003,祭长江,家庭戏,1,0,0,0
01002004,探寒窑,家庭戏,2,1,1.0,0
01002005,落花园,家庭戏,3,3,1.0,0.0
01002006,探阴山,神怪戏,3,3,1.0,0.0
01002007,打金枝,家庭戏,5,9,0.9,0.166667
01002008,八义图,历史戏,4,5,0.833333,0.333333
01002009,鱼肠剑,江湖戏,7,16,0.761905,0.333333
01002010,钓金龟,家庭戏,2,1,1.0,0
01002011,梅龙镇,家庭戏,2,1,1.0,0
01002012,白门楼,历史戏,5,10,1.0,0.0
01002013,华容道,历史戏,2,1,1.0,0
01002014,宇宙锋,家庭戏,3,3,1.0,0.0
01002015,取帅印,历史戏,4,6,1.0,0.0
01002016,打渔杀家,江湖戏,5,8,0.8,0.333333
01002017,黑风帕,神怪戏,6,11,0.733333,0.4
01002018,目莲救母,神怪戏,3,3,1.0,0.0
01002019,红鸾禧,家庭戏,4,6,1.0,0.0
01002020,白状元祭塔,神怪戏,2,1,1.0,0
01003001,琼林宴,公案戏,6,8,0.533333,0.7
01003002,蒋干中计,历史戏,13,57,0.730769,0.318182
01003003,桑园会,家庭戏,3,3,1.0,0.0
01003005,拾黄金,家庭戏,1,0,0,0
01003006,辕门斩子,家庭戏,8,23,0.821429,0.238095
01003008,断太后,公案戏,3,3,1.0,0.0
01003009,打龙袍,家庭戏,6,13,0.866667,0.2
01003010,战蒲关,历史戏,3,3,1.0,0.0
01003011,斩黄袍,历史戏,7,14,0.666667,0.466667
01003012,彩楼配,家庭戏,7,16,0.761905,0.333333
01003013,滑油山,神怪戏,1,0,0,0
01003014,富春楼,家庭戏,2,1,1.0,0
01003015,阴阳河,神怪戏,3,3,1.0,0.0
01003016,打花鼓,家庭戏,3,3,1.0,0.0
01003017,独木关,历史戏,5,7,0.7,0.5
01003018,丑表功,家庭戏,3,3,1.0,0.0
01004001,逍遥津,历史戏,16,78,0.65,0.32381
01004004,盗宗卷,历史戏,7,14,0.666667,0.466667
01004006,辕门射戟,历史戏,4,6,1.0,0.0
01004007,取荥阳,历史戏,5,9,0.9,0.166667
01004008,大保国,历史戏,4,6,1.0,0.0
01004009,忠孝全,历史戏,3,3,1.0,0.0
01004010,双投唐,历史戏,5,10,1.0,0.0
01004011,飞虎山,历史戏,6,14,0.933333,0.1
01004012,女起解,公案戏,3,3,1.0,0.0
01004014,遗翠花,家庭戏,4,6,1.0,0.0
01004015,新安驿,江湖戏,4,6,1.0,0.0
01004016,小上坟,家庭戏,3,3,1.0,0.0
01005001,武家坡,家庭戏,2,1,1.0,0
01005002,浣纱记,历史戏,3,2,0.666667,1.0
01005003,天雷报,家庭戏,6,9,0.6,0.6
01005005,沙陀国,历史戏,5,10,1.0,0.0
01005006,六月雪,公案戏,4,5,0.833333,0.333333
01005007,二进宫,历史戏,5,10,1.0,0.0
01005008,玉堂春,公案戏,0,0,0,0
01005009,孝感天,神怪戏,3,3,1.0,0.0
01005010,御碑亭,家庭戏,9,22,0.611111,0.5
01005011,回荆州,历史戏,6,15,1.0,0.0
01005012,海潮珠,家庭戏,4,6,1.0,0.0
01005013,双摇会,家庭戏,6,13,0.866667,0.2
01005014,胭脂虎,历史戏,5,10,1.0,0.0
01005015,审李七,公案戏,4,6,1.0,0.0
01005016,大劈棺,神怪戏,3,3,1.0,0.0
01005017,柳林池,公案戏,2,1,1.0,0
01006001,连营寨,历史戏,5,8,0.8,0.333333
01006002,战长沙,历史戏,4,5,0.833333,0.333333
01006003,草桥关,历史戏,7,17,0.809524,0.266667
01006004,九更天,公案戏,7,11,0.52381,0.433333
01006005,状元谱,家庭戏,5,7,0.7,0.5
01006006,叹皇陵,历史戏,3,3,1.0,0.0
01006007,定军山,历史戏,10,26,0.577778,0.527778
01006008,宝莲灯,家庭戏,5,9,0.9,0.166667
01006009,连环套,江湖戏,3,2,0.666667,1.0
01006010,落马湖,江湖戏,5,5,0.5,0.416667
01006011,花田错,家庭戏,7,15,0.714286,0.166667
01006012,梵王宫,家庭戏,4,6,1.0,0.0
01006013,孝义节,神怪戏,4,4,0.666667,0.666667
01006014,金水桥,家庭戏,6,12,0.8,0.3
01006015,罗成托梦,神怪戏,3,3,1.0,0.0
01006016,探亲相骂,家庭戏,5,7,0.7,0.5
01006017,双包案,神怪戏,4,6,1.0,0.0
01006018,上天台,历史戏,3,2,0.666667,1.0
01006019,三疑计,家庭戏,4,6,1.0,0.0
01007001,卖马,江湖戏,6,12,0.8,0.3
01007002,八大锤,历史戏,4,6,1.0,0.0
01007003,铡美案,公案戏,5,10,1.0,0.0
01007004,五台山,历史戏,3,3,1.0,0.0
01007005,凤鸣关,历史戏,2,1,1.0,0
01007006,罗成叫关,历史戏,2,1,1.0,0
01007008,别宫,家庭戏,2,1,1.0,0
01007011,蝴蝶杯,家庭戏,19,75,0.438596,0.441176
01007013,刺王僚,历史戏,3,2,0.666667,1.0
01007014,五雷阵,神怪戏,4,4,0.666667,0.666667
01007015,铁莲花,家庭戏,4,6,1.0,0.0
01007016,纺棉花,家庭戏,2,1,1.0,0
01008003,汾河湾,家庭戏,3,3,1.0,0.0
01008004,阳平关,历史戏,6,14,0.933333,0.1
01008005,算粮登殿,家庭戏,8,27,0.964286,0.047619
01008006,虹霓关,历史戏,6,12,0.8,0.3
01008008,杜十娘,家庭戏,7,12,0.571429,0.6
01008009,遇龙封官,历史戏,3,3,1.0,0.0
01008010,二姐逛庙,家庭戏,3,3,1.0,0.0
01008011,双钉记,公案戏,4,4,0.666667,0.666667
01009001,失街亭,历史戏,4,5,0.833333,0.333333
01009002,斩马谡,历史戏,3,3,1.0,0.0
01009003,凤仪亭,历史戏,3,3,1.0,0.0
01009004,十八扯,家庭戏,2,1,1.0,0
01009005,岳家庄,历史戏,5,10,1.0,0.0
01009006,长坂坡,历史戏,10,19,0.422222,0.583333
01009008,白良关,历史戏,8,18,0.642857,0.47619
01009009,卖绒花,家庭戏,0,0,0,0
01009010,伐子都,历史戏,3,3,1.0,0.0
01009011,雁门关,历史戏,2,1,1.0,0
01009012,青石山,神怪戏,8,11,0.392857,0.428571
01009013,长亭会,历史戏,2,1,1.0,0
01009014,濮阳城,历史戏,5,8,0.8,0.333333
01009015,战樊城,历史戏,6,12,0.8,0.3
01009016,进蛮诗,历史戏,5,10,1.0,0.0
01009018,失印救火,公案戏,4,6,1.0,0.0
01010001,马鞍山,家庭戏,2,1,1.0,0
01010002,宫门带,历史戏,6,9,0.6,0.6
01010003,渭水河,历史戏,0,0,0,0
01010004,法场换子,家庭戏,3,2,0.666667,1.0
01010005,忠孝牌,家庭戏,4,6,1.0,0.0
01010006,忠孝图,家庭戏,3,3,1.0,0.0
01010007,打面缸,公案戏,5,10,1.0,0.0
01010010,锁云囊,江湖戏,4,5,0.833333,0.333333
01010011,人才驸马,历史戏,6,15,1.0,0.0
01010012,查头关,历史戏,3,3,1.0,0.0
01010013,双断桥,神怪戏,3,3,1.0,0.0
01010014,卖饽饽,家庭戏,3,3,1.0,0.0
01010015,荐诸葛,历史戏,6,15,1.0,0.0
01010016,风云会,历史戏,2,1,1.0,0
01010017,烟鬼叹,家庭戏,3,3,1.0,0.0
01011001,渑池会,历史戏,5,10,1.0,0.0
01011002,请宋灵,历史戏,8,18,0.642857,0.285714
01011003,回龙阁,家庭戏,8,26,0.928571,0.095238
01011004,烧绵山,历史戏,8,22,0.785714,0.285714
01011005,监酒令,历史戏,2,1,1.0,0
01011007,芦花河,历史戏,3,3,1.0,0.0
01011008,马上缘,家庭戏,4,4,0.666667,0.666667
01011009,拿高登,江湖戏,8,17,0.607143,0.333333
01011010,明月珠,家庭戏,3,3,1.0,0.0
01011011,白马坡,历史戏,4,5,0.833333,0.333333
01011012,摩天岭,历史戏,9,33,0.916667,0.107143
01011013,赵颜借寿,神怪戏,3,3,1.0,0.0
01011014,洛阳桥,神怪戏,3,3,1.0,0.0
01011016,送银灯,家庭戏,3,3,1.0,0.0
01012001,泥马渡康王,神怪戏,9,15,0.416667,0.428571
01012002,闹江州,江湖戏,6,11,0.733333,0.4
01012003,高平关,历史戏,4,6,1.0,0.0
01012004,莲花湖,江湖戏,5,4,0.4,0.166667
01012005,打銮驾,公案戏,2,1,1.0,0
01012006,少华山,家庭戏,5,9,0.9,0.166667
01012007,贵妃醉酒,家庭戏,2,1,1.0,0
01012008,春秋配,家庭戏,4,5,0.833333,0.333333
01012011,赶三关,历史戏,5,10,1.0,0.0
01012012,南阳关,历史戏,8,15,0.535714,0.619048
01012014,血手印,公案戏,6,12,0.8,0.3
01012015,一捧雪,公案戏,5,8,0.8,0.333333
01012016,双观星,神怪戏,2,1,1.0,0
01013001,司马逼宫,历史戏,6,13,0.866667,0.2
01013002,审刺客,公案戏,8,28,1.0,0.0
01013003,赠别挑袍,历史戏,4,4,0.666667,0.666667
01013004,借赵云,历史戏,5,8,0.8,0.333333
01013005,御林郡,历史戏,5,10,1.0,0.0
01013006,奇冤报,神怪戏,5,9,0.9,0.166667
01013007,恶虎村,江湖戏,10,37,0.822222,0.222222
01013008,皮匠杀妻,公案戏,4,6,1.0,0.0
01013009,罗四虎,公案戏,9,13,0.361111,0.660714
01013010,八蜡庙,江湖戏,10,35,0.777778,0.277778
01013011,伐东吴,历史戏,8,14,0.5,0.666667
01013012,战太平,历史戏,7,15,0.714286,0.4
01013013,刺巴杰,江湖戏,7,16,0.761905,0.333333
01013014,金钱豹,神怪戏,7,15,0.714286,0.4
01013015,玉门关,历史戏,4,6,1.0,0.0
01013016,贾家楼,江湖戏,10,30,0.666667,0.277778
01013017,药茶计,公案戏,3,3,1.0,0.0
01013018,老黄请医,家庭戏,4,6,1.0,0.0
01013019,黛玉葬花,家庭戏,2,1,1.0,0
01013020,花蝴蝶,江湖戏,3,3,1.0,0.0
01014001,鲁肃求计,历史戏,3,3,1.0,0.0
01014002,铁笼山,历史戏,3,2,0.666667,1.0
01014003,浔阳楼,公案戏,3,3,1.0,0.0
01014004,秦淮河,江湖戏,6,13,0.866667,0.2
01014005,打樱桃,家庭戏,7,18,0.857143,0.2
01014006,丁甲山,江湖戏,7,16,0.761905,0.333333
01014007,淮安府,公案戏,4,4,0.666667,0.666667
01014008,雪杯圆,家庭戏,3,3,1.0,0.0
01014009,除三害,家庭戏,2,1,1.0,0
01014010,错杀奸,公案戏,5,9,0.9,0.166667
01014011,锁五龙,历史戏,5,10,1.0,0.0
01014012,摘缨会,历史戏,5,7,0.7,0.5
01014013,度白俭,神怪戏,3,3,1.0,0.0
01014014,罗锅子抢亲,家庭戏,7,15,0.714286,0.4
01014015,挡亮,历史戏,3,3,1.0,0.0
01014016,董家山,江湖戏,3,3,1.0,0.0
01014018,云台观,历史戏,8,28,1.0,0.0
01014019,五花洞,神怪戏,9,23,0.638889,0.303571
01014020,红梅阁,神怪戏,4,5,0.833333,0.333333
01014021,恶虎庄,江湖戏,7,16,0.761905,0.333333
01014022,四杰村,江湖戏,6,15,1.0,0.0
01015001,马嵬坡,历史戏,2,1,1.0,0
01015002,古城相会,历史戏,4,5,0.833333,0.333333
01015003,潞安州,历史戏,8,13,0.464286,0.333333
01015004,扫松下书,家庭戏,2,1,1.0,0
01015006,英杰烈,家庭戏,7,15,0.714286,0.4
01015007,南屏山,历史戏,3,3,1.0,0.0
01015008,疯僧扫秦,神怪戏,3,3,1.0,0.0
01015009,盗魂铃,神怪戏,4,4,0.666667,0.666667
01015010,紫荆树,家庭戏,4,6,1.0,0.0
01015011,庆阳图,历史戏,9,21,0.583333,0.375
01015012,一捧雪,公案戏,6,10,0.666667,0.5
01015014,赵家楼,江湖戏,10,31,0.688889,0.388889
01015015,三气周瑜,历史戏,3,3,1.0,0.0
01015016,八郎探母,历史戏,10,24,0.533333,0.583333
01015017,临潼山,历史戏,8,21,0.75,0.380952
01016001,骂杨广,历史戏,5,10,1.0,0.0
01016002,蒯彻装疯,历史戏,8,21,0.75,0.333333
01016003,单刀赴会,历史戏,4,6,1.0,0.0
01016005,未央宫,历史戏,4,6,1.0,0.0
01016006,取南郡,历史戏,16,63,0.525,0.390476
01016007,春香闹学,家庭戏,3,3,1.0,0.0
01016008,拾玉镯,家庭戏,3,3,1.0,0.0
01016009,大锯缸,神怪戏,5,7,0.7,0.5
01016010,三让徐州,历史戏,0,0,0,0
01016011,骂王朗,历史戏,2,1,1.0,0
01016014,破洪州,历史戏,4,5,0.833333,0.333333
01016015,背娃入府,家庭戏,4,6,1.0,0.0
01016016,三上轿,家庭戏,3,3,1.0,0.0
01016017,郿邬县,公案戏,11,36,0.654545,0.3
01016018,妙善出家,神怪戏,4,6,1.0,0.0
01017001,风波亭,历史戏,20,62,0.326316,0.51462
01017002,三上殿,公案戏,7,16,0.761905,0.333333
01017003,假金牌,公案戏,4,5,0.833333,0.333333
01017004,襄阳宴,历史戏,13,45,0.576923,0.5
01017006,张古董借妻,家庭戏,5,9,0.9,0.166667
01017007,别妻,家庭戏,3,3,1.0,0.0
01017008,斩貂蝉,历史戏,2,1,1.0,0
01017009,金雁桥,历史戏,6,15,1.0,0.0
01017010,张良辞朝,历史戏,2,1,1.0,0
01017011,景阳岗,江湖戏,6,5,0.333333,0.4
01017012,连环计,历史戏,2,1,1.0,0
01017013,下河东,历史戏,6,8,0.533333,0.7
01017014,鄚州庙,公案戏,7,21,1.0,0.0
01018001,朝歌恨,历史戏,9,18,0.5,0.482143
01018002,孝妇羹,家庭戏,6,15,1.0,0.0
01018003,骂阎罗,神怪戏,5,5,0.5,1.333333
01018004,望儿楼,家庭戏,2,1,1.0,0
01018005,排王赞,历史戏,6,9,0.6,0.6
01018006,煤山恨,历史戏,3,3,1.0,0.0
01018007,龙凤呈祥,家庭戏,5,10,1.0,0.0
01018008,盘山,家庭戏,2,1,1.0,0
01018011,五人义,江湖戏,10,33,0.733333,0.333333
01018012,戏叔,家庭戏,3,3,1.0,0.0
01018013,迷人馆,江湖戏,16,50,0.416667,0.514286
01018014,冀州城,历史戏,11,28,0.509091,0.355556
01019001,进妲己,历史戏,18,85,0.555556,0.5
01019002,过五关,历史戏,12,33,0.5,0.6
01019003,三顾茅庐,历史戏,18,62,0.405229,0.470588
01019004,舌战群儒,历史戏,5,6,0.6,0.25
01019005,马前泼水,家庭戏,6,6,0.4,0.6
01019006,讨荆州,历史戏,6,13,0.866667,0.2
01019009,曾头市,江湖戏,7,17,0.809524,0.266667
01019010,佘塘关,家庭戏,2,1,1.0,0
01019011,九龙杯,江湖戏,4,6,1.0,0.0
01019012,镇潭州,历史戏,7,14,0.666667,0.466667
01019013,磐河战,历史戏,5,9,0.9,0.166667
01020001,麦城升天,历史戏,7,17,0.809524,0.266667
01020002,戏迷传,家庭戏,0,0,0,0
01020003,汾河湾,家庭戏,5,8,0.8,0.333333
01020004,别母乱箭,历史戏,10,25,0.555556,0.555556
01020005,义旗令,江湖戏,13,46,0.589744,0.287879
01020006,穆柯寨,家庭戏,5,10,1.0,0.0
01020007,凤凰山,历史戏,10,26,0.577778,0.527778
01020008,燕青打擂,江湖戏,11,43,0.781818,0.266667
01020009,采花赶府,家庭戏,5,7,0.7,0.5
01020010,青楼梦,家庭戏,10,27,0.6,0.361111
01020011,送花楼会,家庭戏,3,3,1.0,0.0
01020012,拷红,家庭戏,4,6,1.0,0.0
01020013,铁公鸡,历史戏,15,31,0.295238,0.565934
01021001,许田射鹿,历史戏,11,36,0.654545,0.422222
01021002,霸王别姬,历史戏,4,4,0.666667,0.666667
01021004,玉玲珑,江湖戏,9,23,0.638889,0.464286
01021005,泗州城,神怪戏,9,12,0.333333,0.375
01021006,天宝图,江湖戏,33,114,0.215909,0.335685
01021007,雪夜访普,历史戏,8,24,0.857143,0.190476
01021008,双合印,公案戏,3,2,0.666667,1.0
01022001,将相和,历史戏,2,1,1.0,0
01022002,哭祖庙,历史戏,4,4,0.666667,0.666667
01022004,明末遗恨,历史戏,6,9,0.6,0.6
01022005,青风寨,江湖戏,6,12,0.8,0.3
01022006,太平桥,历史戏,8,18,0.642857,0.47619
01022008,喂药,神怪戏,3,3,1.0,0.0
01022009,打刀,江湖戏,3,3,1.0,0.0
01022010,飞叉阵,历史戏,8,13,0.464286,0.52381
01022012,天宝图,江湖戏,44,164,0.173362,0.403101
01023001,宏碧缘,江湖戏,14,69,0.758242,0.192308
01023003,举鼎观画,家庭戏,3,3,1.0,0.0
01023004,三击掌,家庭戏,2,1,1.0,0
01023005,洗浮山,公案戏,5,9,0.9,0.166667
01023007,百凉楼,历史戏,6,14,0.933333,0.1
01023008,乔醋,家庭戏,4,6,1.0,0.0
01023009,双锁山,江湖戏,3,3,1.0,0.0
01023010,延安关,历史戏,6,15,1.0,0.0
01023012,焰火棍,江湖戏,4,6,1.0,0.0
01024001,宏碧缘,江湖戏,0,0,0,0
01024002,宏碧缘,江湖戏,27,82,0.233618,0.578462
01024003,金马门,历史戏,5,10,1.0,0.0
01024004,游武庙,历史戏,2,1,1.0,0
01024005,思凡,家庭戏,1,0,0,0
01024006,雪杯圆,家庭戏,5,8,0.8,0.333333
01024007,挡幽王,历史戏,3,3,1.0,0.0
01024008,佛门点元,家庭戏,16,30,0.25,0.47619
01024009,木门道,历史戏,9,32,0.888889,0.142857
01025001,宏碧缘,江湖戏,16,38,0.316667,0.47619
01025002,宏碧缘,江湖戏,12,30,0.454545,0.118182
01025003,洗耳记,历史戏,3,2,0.666667,1.0
01025005,老西嫖院,家庭戏,3,3,1.0,0.0
01025006,合凤裙,家庭戏,2,1,1.0,0
01025008,刘秀走国,历史戏,4,6,1.0,0.0
01025009,取洛阳,历史戏,8,28,1.0,0.0
01025010,东宫扫雪,家庭戏,4,4,0.666667,0.666667
01026002,受禅台,历史戏,9,36,1.0,0.0
01026003,兴赵灭屠,历史戏,8,28,1.0,0.0
01026004,黑驴告状,公案戏,12,34,0.515152,0.581818
01026005,胭脂判,公案戏,9,28,0.777778,0.285714
01026007,滚鼓山,历史戏,3,3,1.0,0.0
01026008,三结义,历史戏,17,49,0.360294,0.654167
01027002,三门街,江湖戏,15,33,0.314286,0.461538
01027003,三门街,江湖戏,20,66,0.347368,0.374269
01027004,三门街,江湖戏,17,22,0.161765,0.3125
01027005,三门街,江湖戏,22,72,0.311688,0.233333
01027006,怒斩于神仙,神怪戏,14,38,0.417582,0.410256
01027007,戏牡丹,神怪戏,2,1,1.0,0
01027008,打沙锅,公案戏,4,6,1.0,0.0
01027009,山海关,历史戏,15,38,0.361905,0.489011
01027010,晋阳宫,历史戏,4,6,1.0,0.0
01027011,战潼台,历史戏,5,8,0.8,0.333333
01027012,看香头,家庭戏,3,3,1.0,0.0
01027013,长生乐,家庭戏,16,66,0.55,0.438095
01028001,童女斩蛇,公案戏,7,16,0.761905,0.333333
01028002,九阳钟,江湖戏,32,141,0.284274,0.354839
01028003,行路哭灵,家庭戏,3,2,0.666667,1.0
01028005,磨房产子,家庭戏,0,0,0,0
01028006,蜈蚣岭,江湖戏,0,0,0,0
01028007,困曹府,历史戏,0,0,0,0
01028009,沙桥饯别,历史戏,6,15,1.0,0.0
01028010,背凳,家庭戏,3,3,1.0,0.0
01029001,花田错,家庭戏,8,28,1.0,0.0
01029002,关王庙,家庭戏,5,9,0.9,0.166667
01029004,九阳钟,江湖戏,35,153,0.257143,0.319964
01029005,普球山,江湖戏,13,60,0.769231,0.272727
01029006,山海关,历史戏,19,56,0.327485,0.316993
01029007,吴汉杀妻,家庭戏,4,5,0.833333,0.333333
01030001,黛玉焚稿,家庭戏,2,1,1.0,0
01030004,三雅园,公案戏,9,20,0.555556,0.571429
01030006,山海关,历史戏,10,21,0.466667,0.527778
01030008,串珠记,公案戏,8,15,0.535714,0.238095
01030009,贾政训子,家庭戏,9,25,0.694444,0.392857
01030010,十二红,家庭戏,2,1,1.0,0
01031002,牢狱鸳鸯,公案戏,15,52,0.495238,0.417582
01031003,博浪锥,历史戏,3,3,1.0,0.0
01031004,闺房戏,家庭戏,3,2,0.666667,1.0
01031005,晴雯撕扇,家庭戏,2,1,1.0,0
01031006,莲花塘,神怪戏,9,10,0.277778,0.446429
01031008,桂阳城,历史戏,5,10,1.0,0.0
01031009,雍凉关,历史戏,7,11,0.52381,0.666667
01031010,选元戎,历史戏,9,26,0.722222,0.357143
01031011,借茶活捉,神怪戏,2,1,1.0,0
01031012,瑶池会,神怪戏,3,2,0.666667,1.0
01032002,连环套,江湖戏,12,22,0.333333,0.363636
01032003,连环套,江湖戏,0,0,0,0
01032005,新四十八扯,家庭戏,0,0,0,0
01032006,芙蓉诔,家庭戏,7,15,0.714286,0.4
01032007,党人碑,公案戏,6,11,0.733333,0.4
01032008,白傅遣姬,家庭戏,0,0,0,0
01032009,安五路,历史戏,7,13,0.619048,0.3
01032012,浣纱溪,历史戏,3,3,1.0,0.0
01033001,狸猫换太子,公案戏,23,85,0.335968,0.179654
01033002,水漫金山寺,神怪戏,5,7,0.7,0.5
01033004,贺后骂殿,历史戏,6,15,1.0,0.0
01034003,汴梁图,历史戏,4,6,1.0,0.0
01034004,池水驿,家庭戏,0,0,0,0
01034006,镔铁剑,江湖戏,4,6,1.0,0.0
01034007,艾孝子,家庭戏,8,18,0.642857,0.47619
01034008,醋中醋,家庭戏,6,8,0.533333,0.4
01035001,狸猫换太子,公案戏,11,27,0.490909,0.5
01035002,徐母骂曹,历史戏,3,3,1.0,0.0
01035003,宝玉出家,家庭戏,5,7,0.7,0.5
01035004,新三娘教子,家庭戏,0,0,0,0
01035005,慈孝图,家庭戏,6,15,1.0,0.0
01035006,道州城,历史戏,9,24,0.666667,0.267857
01035007,凤凰山,历史戏,4,5,0.833333,0.333333
01035008,麻姑献寿,神怪戏,8,28,1.0,0.0
01036002,双龙会,历史戏,12,40,0.606061,0.363636
01036003,大香山,神怪戏,22,90,0.38961,0.566667
01036004,翠花宫,家庭戏,0,0,0,0
01036005,天女散花,神怪戏,0,0,0,0
01036006,平贵别窑,家庭戏,2,1,1.0,0
01036007,刀劈三关,历史戏,3,2,0.666667,1.0
01037002,嫦娥奔月,神怪戏,1,0,0,0
01037003,三字经,家庭戏,3,3,1.0,0.0
01037004,葭萌关,历史戏,2,1,1.0,0
01037005,盘关,历史戏,5,10,1.0,0.0
01037006,碧游宫,神怪戏,1,0,0,0
01037007,界牌关,历史戏,3,3,1.0,0.0
01037008,打桃园,江湖戏,8,14,0.5,0.285714
01038001,珠帘寨,历史戏,8,21,0.75,0.333333
01038002,取南郡,历史戏,15,61,0.580952,0.401099
01038003,芭蕉扇,神怪戏,5,7,0.7,0.5
01038004,珍珠衫,家庭戏,3,3,1.0,0.0
01038005,三世修,家庭戏,4,6,1.0,0.0
01038007,五雷报,家庭戏,7,15,0.714286,0.4
01038009,湘江会,历史戏,5,8,0.8,0.333333
01038010,宁武关,历史戏,4,5,0.833333,0.333333
01039001,贩马记,公案戏,13,24,0.307692,0.424242
01039002,玉门关,历史戏,9,11,0.305556,0.410714
01039003,取南郡,历史戏,13,54,0.692308,0.363636
01039004,太君辞朝,历史戏,7,21,1.0,0.0
01039005,戏姻缘,家庭戏,0,0,0,0
01039006,失金钗,家庭戏,6,8,0.533333,0.4
01039007,斩妲己,神怪戏,6,15,1.0,0.0
01040001,阎瑞生,公案戏,18,71,0.464052,0.536765
01040003,馒头庵,家庭戏,5,9,0.9,0.166667
01040004,倒厅门,公案戏,2,1,1.0,0
01040005,万花船,家庭戏,7,18,0.857143,0.2
01040006,金光阵,神怪戏,5,10,1.0,0.0
01040007,郑恩做亲,历史戏,13,49,0.628205,0.340909
02001001,天官赐福,神怪戏,6,15,1.0,0.0
02001002,三多九如,神怪戏,3,3,1.0,0.0
02001003,福禄寿荣,神怪戏,3,3,1.0,0.0
02001004,遐龄永祝,神怪戏,1,0,0,0
02001005,风调雨顺,神怪戏,4,6,1.0,0.0
02001008,财源辐辏,神怪戏,1,0,0,0
02001009,八仙庆寿,神怪戏,2,1,1.0,0
02001013,文王卜卦,神怪戏,2,1,1.0,0
02001016,太师回朝,历史戏,2,1,1.0,0
02001017,太师托梦,神怪戏,3,3,1.0,0.0
02001019,攻潼关,神怪戏,2,0,0.0,0
02001021,孝感天,家庭戏,4,4,0.666667,0.666667
02001022,孝感天,家庭戏,5,6,0.6,0.666667
02001023,孝感天,家庭戏,3,3,1.0,0.0
02001026,米注山,历史戏,4,5,0.833333,0.333333
02001027,米注山,历史戏,7,19,0.904762,0.133333
02001028,米注山,历史戏,4,5,0.833333,0.333333
02001030,连环阵,历史戏,2,1,1.0,0
02001032,龙门山,历史戏,4,5,0.833333,0.333333
02001033,搜孤救孤,历史戏,8,16,0.571429,0.380952
02001034,搜孤救孤,历史戏,7,11,0.52381,0.433333
02001044,西施,历史戏,8,21,0.75,0.333333
02001046,装疯,历史戏,3,3,1.0,0.0
02001047,五雷阵,神怪戏,5,7,0.7,0.5
02001048,五雷阵,神怪戏,3,3,1.0,0.0
02001049,五雷阵,神怪戏,4,4,0.666667,0.666667
02001050,五雷阵,神怪戏,5,9,0.9,0.166667
02001056,幻化,神怪戏,2,1,1.0,0
02002005,大十面,历史戏,3,3,1.0,0.0
02002007,韩信,历史戏,5,10,1.0,0.0
02002016,卓文君,家庭戏,5,7,0.7,0.5
02002017,昭君出塞,历史戏,3,3,1.0,0.0
02002030,太行山,江湖戏,2,1,1.0,0
02002032,汉忠烈,公案戏,3,1,0.333333,0.5
02002033,汉忠烈,公案戏,1,0,0,0
02002034,汉忠烈,公案戏,1,0,0,0
02002035,汉忠烈,公案戏,4,6,1.0,0.0
02003001,斩熊虎,江湖戏,3,3,1.0,0.0
02003003,捉放曹,历史戏,4,5,0.833333,0.333333
02003004,捉放曹,历史戏,3,3,1.0,0.0
02003005,斩华雄,历史戏,2,1,1.0,0
02003006,虎牢关,历史戏,4,6,1.0,0.0
02003013,凤凰台,历史戏,2,1,1.0,0
02003021,骂曹饯行,历史戏,4,4,0.666667,0.666667
02003022,打吉平,历史戏,2,1,1.0,0
02003030,徐母骂曹,历史戏,4,6,1.0,0.0
02003033,汉阳院,历史戏,18,83,0.542484,0.382353
02004001,龙凤呈祥,历史戏,9,25,0.694444,0.392857
02004002,龙凤呈祥,历史戏,6,12,0.8,0.3
02004004,取西川,历史戏,3,3,1.0,0.0
02004008,反西凉,历史戏,5,6,0.6,0.25
02004018,战合肥,历史戏,4,6,1.0,0.0
02004020,瓦口关,历史戏,6,10,0.666667,0.5
02004028,造白袍,历史戏,5,5,0.5,0.416667
02004029,造白袍,历史戏,7,10,0.47619,0.5
02004047,撤兵增灶,历史戏,3,3,1.0,0.0
02004052,定中原,历史戏,6,13,0.866667,0.2
02004053,探营,历史戏,2,1,1.0,0
02005002,观容,家庭戏,3,3,1.0,0.0
02005006,九莲灯,公案戏,0,0,0,0
02005007,九莲灯,公案戏,0,0,0,0
02005008,九莲灯,家庭戏,0,0,0,0
02005009,九莲灯,家庭戏,0,0,0,0
02005010,九莲灯,神怪戏,0,0,0,0
02005011,九莲灯,神怪戏,0,0,0,0
02005012,九莲灯,历史戏,0,0,0,0
02005013,九莲灯,家庭戏,0,0,0,0
02005014,九莲灯,家庭戏,0,0,0,0
02005015,九莲灯,家庭戏,0,0,0,0
02005025,三家店,历史戏,3,3,1.0,0.0
02005026,观阵,历史戏,5,8,0.8,0.333333
02005028,报信,公案戏,5,8,0.8,0.333333
02005029,倒铜旗,历史戏,2,1,1.0,0
02005031,四平山,神怪戏,9,10,0.277778,0.285714
02005032,晋阳宫,历史戏,8,26,0.928571,0.095238
02005033,晋阳宫,历史戏,4,6,1.0,0.0
02005034,千金闸,神怪戏,5,8,0.8,0.333333
02006002,千秋岭,历史戏,4,6,1.0,0.0
02006004,锁五龙,历史戏,14,37,0.406593,0.692308
02006008,秦王吊孝,神怪戏,8,23,0.821429,0.238095
02006009,御果园,历史戏,8,26,0.928571,0.095238
02006021,药王卷,神怪戏,5,6,0.6,0.25
02006025,安天会,神怪戏,4,4,0.666667,0.666667
02006026,观音院,神怪戏,2,1,1.0,0
02006027,黑风山,神怪戏,2,0,0.0,0
02006031,五庄观,神怪戏,1,0,0,0
02006032,五庄观,神怪戏,1,0,0,0
02006033,闻仁驱邪,神怪戏,3,2,0.666667,1.0
02006034,邪魔侵正,神怪戏,5,8,0.8,0.333333
02006035,花魔寨,神怪戏,2,1,1.0,0
02006036,救儒逃洞,神怪戏,2,1,1.0,0
02006037,法场明冤,神怪戏,1,0,0,0
02006038,莲花洞,神怪戏,1,0,0,0
02006043,九节山,神怪戏,2,1,1.0,0
02006044,五凤楼,家庭戏,2,1,1.0,0
02006045,五凤楼,家庭戏,3,2,0.666667,1.0
02006046,五凤楼,家庭戏,3,3,1.0,0.0
02006047,五凤楼,历史戏,2,1,1.0,0
02006048,五凤楼,历史戏,2,1,1.0,0
02006049,五凤楼,神怪戏,3,3,1.0,0.0
02006052,黄草山,江湖戏,1,0,0,0
02006056,醉写,历史戏,6,15,1.0,0.0
02006059,骂门,历史戏,5,10,1.0,0.0
02006060,战国进表,历史戏,5,6,0.6,0.666667
02006062,渡银河,神怪戏,2,1,1.0,0
02006064,贵寿图,神怪戏,6,8,0.533333,0.7
02006069,祥梅寺,神怪戏,2,1,1.0,0
02006073,太平桥,历史戏,6,7,0.466667,0.5
02006074,太平桥,历史戏,8,18,0.642857,0.47619
02007023,翠凤楼,江湖戏,4,6,1.0,0.0
02007027,廉锦枫,家庭戏,4,6,1.0,0.0
02007028,目莲记,家庭戏,4,6,1.0,0.0
02007029,目莲记,家庭戏,5,10,1.0,0.0
02007030,目莲记,神怪戏,1,0,0,0
02007031,目莲记,神怪戏,3,3,1.0,0.0
02007032,目莲记,神怪戏,3,3,1.0,0.0
02007033,目莲记,神怪戏,2,1,1.0,0
02008004,战潼台,历史戏,0,0,0,0
02008006,北汉王,历史戏,4,6,1.0,0.0
02008007,双尽忠,历史戏,0,0,0,0
02008008,双尽忠,公案戏,0,0,0,0
02008009,双尽忠,历史戏,0,0,0,0
02008010,双尽忠,神怪戏,0,0,0,0
02008011,双尽忠,家庭戏,0,0,0,0
02008012,双尽忠,神怪戏,0,0,0,0
02008013,破华州,历史戏,2,1,1.0,0
02008016,因果报,神怪戏,4,4,0.666667,0.666667
02008017,梅花妆,历史戏,3,3,1.0,0.0
02008018,鹞子观星,神怪戏,1,0,0,0
02008019,挂印,历史戏,7,21,1.0,0.0
02008021,打龙篷,历史戏,4,6,1.0,0.0
02008022,四红图,历史戏,2,1,1.0,0
02008023,泗水关,历史戏,4,5,0.833333,0.333333
02008026,洒金桥,神怪戏,2,1,1.0,0
02008027,输华山,神怪戏,2,1,1.0,0
02008036,下南唐,历史戏,6,5,0.333333,1.0
02008040,五台山,家庭戏,4,6,1.0,0.0
02008043,瓦桥关,历史戏,6,9,0.6,0.3
02008044,百箭会,公案戏,4,6,1.0,0.0
02008048,三岔口,江湖戏,5,9,0.9,0.166667
02008052,九龙峪,历史戏,5,8,0.8,0.333333
02008054,双挂印,历史戏,7,16,0.761905,0.333333
02008056,八盘山,历史戏,6,10,0.666667,0.5
02008060,双沙河,家庭戏,5,9,0.9,0.166667
02008061,双沙河,家庭戏,6,9,0.6,0.6
02009020,路遥知马力,家庭戏,3,3,1.0,0.0
02009026,林冲夜奔,江湖戏,1,0,0,0
02009029,灵官殿,江湖戏,4,4,0.666667,0.666667
02009035,快活林,江湖戏,2,1,1.0,0
02009040,红桃山,江湖戏,3,2,0.666667,1.0
02009041,百花庄,江湖戏,6,9,0.6,0.6
02010002,夺锦标,历史戏,4,6,1.0,0.166667
02010003,扈家庄,历史戏,4,3,0.5,0.333333
02010009,龙虎玉,历史戏,2,1,1.0,0
02010010,擒方腊,历史戏,3,3,1.0,0.0
02010016,娘子军,历史戏,4,6,1.0,0.0
02010018,雄州关,历史戏,4,6,1.0,0.0
02010024,洞庭湖,历史戏,7,16,0.761905,0.333333
02010032,狮吼记,家庭戏,8,18,0.642857,0.47619
02010034,大悲楼,神怪戏,6,11,0.733333,0.4
02010037,鬼辩,神怪戏,2,1,1.0,0
02011012,采石矶,历史戏,7,17,0.809524,0.266667
02011021,飞坡岛,神怪戏,1,0,0,0
02011040,宁武关,历史戏,5,10,1.0,0.0
02011041,宁武关,家庭戏,7,13,0.619048,0.533333
02011047,刺虎,历史戏,2,1,1.0,0
02011049,玉堂春,家庭戏,3,2,0.666667,1.0
02012001,忠义图,江湖戏,13,52,0.666667,0.295455
02012002,忠义图,江湖戏,21,86,0.409524,0.321053
02012003,常云观,江湖戏,13,45,0.576923,0.401515
02012004,贺兰山,江湖戏,27,153,0.435897,0.443077
02012005,武文华,江湖戏,4,6,1.0,0.0
02012007,九龙杯,江湖戏,1,0,0,0
02012008,九龙杯,江湖戏,1,0,0,0
02012009,九龙杯,江湖戏,1,0,0,0
02012010,九龙杯,公案戏,2,1,1.0,0
02012011,九龙杯,公案戏,2,0,0.0,0
02012012,九龙杯,江湖戏,4,6,1.0,0.0
02012013,丁彪投宿,江湖戏,1,0,0,0
02012020,莲花湖,江湖戏,14,63,0.692308,0.358974
02012024,霸王庄,公案戏,6,15,1.0,0.4
02012033,五里碑,公案戏,3,3,1.0,0.0
02012034,东昌府,公案戏,3,2,0.666667,1.0
02012035,东昌府,公案戏,7,20,0.952381,0.066667
02012036,东昌府,公案戏,5,8,0.8,0.333333
02012037,弓砚缘,家庭戏,3,2,0.666667,1.0
02012038,弓砚缘,家庭戏,3,3,1.0,0.0
02012039,弓砚缘,江湖戏,4,6,1.0,0.0
02012041,弓砚缘,江湖戏,2,0,0.0,0
02012042,弓砚缘,历史戏,2,1,1.0,0
02012043,弓砚缘,家庭戏,3,3,1.0,0.0
02012044,弓砚缘,家庭戏,3,3,1.0,0.0
02012045,弓砚缘,家庭戏,6,14,0.933333,0.1
02012046,弓砚缘,历史戏,6,11,0.733333,0.4
03001001,米注山,历史戏,4,5,0.833333,0.333333
03001002,平陆浑,历史戏,1,0,0,0
03001003,清河桥,历史戏,3,3,1.0,0.0
03001004,摘缨会,历史戏,5,9,0.9,0.166667
03001005,荥阳关,历史戏,3,3,1.0,0.0
03001006,连环阵,历史戏,2,1,1.0,0
03002001,一匹布,家庭戏,3,3,1.0,0.0
03002002,小上坟,家庭戏,2,1,1.0,0
03002003,荷珠配,家庭戏,5,10,1.0,0.0
03002004,打刀,江湖戏,3,3,1.0,0.0
03002005,一两漆,家庭戏,4,6,1.0,0.0
03003001,双尽忠,历史戏,3,3,1.0,0.0
03003002,李广催贡,历史戏,1,0,0,0
03003003,庆阳图,历史戏,6,14,0.933333,0.1
03003004,锁五龙,历史戏,6,15,1.0,0.0
03003005,黑风帕,神怪戏,6,11,0.733333,0.4
03004001,别宫祭江,历史戏,2,1,1.0,0
03004002,胭脂虎,历史戏,4,6,1.0,0.0
03004003,官庄堡,公案戏,6,14,0.933333,0.1
03004004,南天门,公案戏,5,7,0.7,0.5
03005001,合欢图,历史戏,6,15,1.0,0.0
03006001,武昭关,历史戏,2,1,1.0,0
03006002,夺小沛,历史戏,5,10,1.0,0.0
03006003,白门楼,历史戏,6,15,1.0,0.0
03006005,叔宝表功,历史戏,2,1,1.0,0
03006006,打登州,历史戏,9,36,1.0,0.0
03006007,锤换带,历史戏,4,5,0.833333,0.333333
03007002,纪母骂刘邦,历史戏,2,1,1.0,0
03007003,舌辩封侯,历史戏,2,1,1.0,0
03007004,甘宁百骑劫魏营,历史戏,2,1,1.0,0
03007005,十道本,历史戏,11,24,0.436364,0.322222
03007006,选元戎,历史戏,3,3,1.0,0.0
03008001,风雪夺昆仑,历史戏,3,2,0.666667,1.0
03008002,珍珠烈火旗,历史戏,3,3,1.0,0.0
03008003,反延安,历史戏,3,3,1.0,0.0
03008004,通海沟,历史戏,2,1,1.0,0
03009001,黄一刀,江湖戏,7,15,0.714286,0.4
03009002,耒阳县,历史戏,6,10,0.666667,0.5
03009003,千秋岭,历史戏,5,10,1.0,0.0
03009004,取帅印,历史戏,4,6,1.0,0.0
03011003,浣花溪,历史戏,3,3,1.0,0.0
03012001,望儿楼,家庭戏,2,1,1.0,0
03012002,背楼,家庭戏,3,3,1.0,0.0
03012003,乾坤福寿镜,家庭戏,9,24,0.666667,0.428571
03013001,渭水河,历史戏,2,1,1.0,0
03013002,查关,家庭戏,3,3,1.0,0.0
03013003,百寿图,神怪戏,4,6,1.0,0.0
03013005,反五侯,历史戏,3,3,1.0,0.0
03013006,五龙斗,历史戏,4,3,0.5,0.333333
03013007,高平关,历史戏,4,6,1.0,0.0
03013008,打窦瑶,历史戏,4,5,0.833333,0.333333
03014001,芦花记,家庭戏,2,1,1.0,0
03014002,芦花河,神怪戏,6,15,1.0,0.0
03014003,得意缘,江湖戏,8,24,0.857143,0.190476
03016001,大回朝,历史戏,1,0,0,0
03016002,双带箭,历史戏,5,10,1.0,0.0
03016003,下河东,历史戏,6,8,0.533333,0.7
03016004,白龙关,历史戏,4,6,1.0,0.0
03016005,赛太岁,公案戏,5,9,0.9,0.166667
03017001,反西凉,历史戏,4,6,1.0,0.0
03017002,战渭南,历史戏,3,3,1.0,0.0
03017003,战冀州,历史戏,1,0,0,0
03017004,赚历城,历史戏,1,0,0,0
03017005,葭萌关,历史戏,6,12,0.8,0.3
03018001,登台笑客,历史戏,3,3,1.0,0.0
03018002,海潮珠,历史戏,3,3,1.0,0.0
03019001,打瓜园,江湖戏,3,3,1.0,0.0
03019002,扈家庄,江湖戏,1,0,0,0
03019003,金猛关,江湖戏,11,52,0.945455,0.066667
03019004,取金陵,历史戏,3,3,1.0,0.0
03019005,夺太仓,历史戏,3,3,1.0,0.0
03020001,孟母三迁,家庭戏,2,1,1.0,0
03020002,游湖阴配,神怪戏,3,3,1.0,0.0
03021001,花园赠金,家庭戏,2,1,1.0,0
03021002,彩楼配,家庭戏,3,3,1.0,0.0
03021003,三击掌,家庭戏,2,1,1.0,0
03021004,投军降马,历史戏,6,9,0.6,0.6
03021005,平贵别窑,家庭戏,2,1,1.0,0
03021006,误卯三打,历史戏,4,4,0.666667,0.666667
03021007,探寒窑,家庭戏,2,1,1.0,0
03021008,鸿雁捎书,神怪戏,1,0,0,0
03021009,赶三关,历史戏,5,10,1.0,0.0
03021010,武家坡,家庭戏,2,1,1.0,0
03021011,算军粮,家庭戏,6,15,1.0,0.0
03021012,银空山,历史戏,5,7,0.7,0.5
03021013,大登殿,家庭戏,9,25,0.694444,0.392857
03022001,风尘三侠,江湖戏,3,3,1.0,0.0
03022002,沙叱利,公案戏,3,3,1.0,0.0
03022003,古押衙,江湖戏,5,9,0.9,0.166667
03023001,荀灌娘,历史戏,4,6,1.0,0.0
03026001,坛山谷,历史戏,3,3,1.0,0.0
03026002,渡阴平,历史戏,1,0,0,0
03026003,假投降,历史戏,2,1,1.0,0
03026004,取江油,历史戏,1,0,0,0
03027001,五雷阵,神怪戏,1,0,0,0
03027002,白云山,神怪戏,2,1,1.0,0
03027004,徐庶劝友,历史戏,2,1,1.0,0
03027005,骂王朗,历史戏,2,1,1.0,0
03027006,骂杨广,历史戏,2,1,1.0,0
03028001,潞安州,历史戏,4,3,0.5,0.333333
03028002,小商河,历史戏,3,3,1.0,0.0
03028003,牛皋招亲,家庭戏,9,30,0.833333,0.214286
03028005,汤怀自刎,历史戏,3,3,1.0,0.0
03028006,请宋灵,历史戏,8,19,0.678571,0.238095
03029001,春秋配,公案戏,6,12,0.8,0.3
03029002,打樱桃,家庭戏,6,13,0.866667,0.2
03029003,送灯,家庭戏,3,3,1.0,0.0
03030001,雁门关,历史戏,11,24,0.436364,0.322222
03030002,雁门关,历史戏,9,16,0.444444,0.553571
03030003,雁门关,历史戏,7,14,0.666667,0.233333
03030004,雁门关,神怪戏,11,22,0.4,0.122222
03030005,雁门关,历史戏,5,4,0.4,0.166667
03030006,雁门关,历史戏,8,21,0.75,0.142857
03030007,雁门关,历史戏,14,27,0.296703,0.282051
03031001,扫地挂画,历史戏,3,3,1.0,0.0
03031002,凤阳花鼓,家庭戏,3,3,1.0,0.0
03031004,顶花砖,家庭戏,3,3,1.0,0.0
03031005,双摇会,家庭戏,6,13,0.866667,0.2
03031006,打面缸,公案戏,5,10,1.0,0.0
03031007,小过年,家庭戏,3,3,1.0,0.0
03031008,十八扯,家庭戏,2,1,1.0,0
03033001,取洛阳,历史戏,5,10,1.0,0.0
03033004,过巴州,历史戏,3,3,1.0,0.0
03033005,司马师逼宫,历史戏,5,9,0.9,0.166667
03033006,枣阳山,江湖戏,2,1,1.0,0
03033007,打龙棚,历史戏,4,6,1.0,0.0
03034001,孟母断机,家庭戏,1,0,0,0
03034002,孝感天,神怪戏,5,8,0.8,0.333333
03034003,漂母饭信,历史戏,2,1,1.0,0
03034004,陵母伏剑,历史戏,1,0,0,0
03034005,钓金龟,神怪戏,5,10,1.0,0.0
03034006,太君辞朝,历史戏,2,1,1.0,0
03037001,金瓶女,公案戏,2,1,1.0,0
03037002,盗红绡,江湖戏,4,6,1.0,0.0
03037003,陈圆圆,历史戏,2,1,1.0,0
03038001,圯桥三进履,历史戏,4,4,0.666667,0.666667
03038002,黄金印,历史戏,6,13,0.866667,0.2
03038003,秋生造律,公案戏,6,13,0.866667,0.2
03039001,救雪艳,家庭戏,4,6,1.0,0.0
03039002,一捧雪,公案戏,6,12,0.8,0.3
03039004,傅氏发配,公案戏,1,0,0,0
03039005,雪杯圆,公案戏,5,10,1.0,0.0
03039006,收雪艳,家庭戏,4,3,0.5,0.333333
03039007,祭雪艳,公案戏,5,10,1.0,0.0
03040001,双玉镯,公案戏,9,25,0.694444,0.392857
03040002,法门寺,公案戏,14,55,0.604396,0.371795
03040003,刘瑾逛花园,历史戏,2,1,1.0,0
03041001,飞将军,历史戏,2,1,1.0,0
03041002,投笔封侯,历史戏,1,0,0,0
03041003,玉门关,历史戏,3,3,1.0,0.0
03041004,周瑜,历史戏,7,15,0.714286,0.4
03041005,战山,历史戏,2,1,1.0,0
03041006,小显,神怪戏,1,0,0,0
03041007,双合印,公案戏,7,18,0.857143,0.2
03042001,父子圆,家庭戏,2,1,1.0,0
03042002,卧虎山,历史戏,2,1,1.0,0
03042003,明末遗恨,历史戏,13,52,0.666667,0.393939
03042004,史可法,历史戏,1,0,0,0
03042005,明末孤忠,历史戏,1,0,0,0
03043003,涿州判,公案戏,4,4,0.666667,0.666667
03044002,宁国府,历史戏,3,3,1.0,0.0
03044003,火烧百凉楼,历史戏,4,2,0.333333,0.666667
03044004,火烧百凉楼,历史戏,5,10,1.0,0.0
03046001,草桥关,历史戏,10,33,0.733333,0.333333
03046002,御果园,历史戏,8,28,1.0,0.0
03046003,白良关,家庭戏,7,14,0.666667,0.466667
03046004,置田装疯,家庭戏,3,3,1.0,0.0
03046005,沙陀国,历史戏,5,10,1.0,0.0
03046006,飞虎山,历史戏,6,15,1.0,0.0
03046007,龙虎斗,神怪戏,2,1,1.0,0
03047001,好鹤失政,历史戏,1,0,0,0
03047002,要离刺庆忌,江湖戏,2,1,1.0,0
03047003,哭秦庭,历史戏,5,6,0.6,0.666667
03047004,豫让桥,历史戏,0,0,0,0
03048001,打城隍,公案戏,5,10,1.0,0.0
03048005,瞎子逛灯,公案戏,2,1,1.0,0
03048006,定计化缘,公案戏,2,1,1.0,0
03050001,闹花灯,家庭戏,5,9,0.9,0.166667
03050002,九焰山,家庭戏,5,8,0.8,0.333333
03050003,铁丘坟,家庭戏,2,1,1.0,0
03051001,马陵道,历史戏,2,1,1.0,0
03051002,马陵道,历史戏,2,1,1.0,0
03051003,马陵道,神怪戏,4,6,1.0,0.0
03051004,马陵道,历史戏,2,1,1.0,0
03051005,马陵道,历史戏,4,5,0.833333,0.333333
03051006,马陵道,神怪戏,4,6,1.0,0.0
03051007,马陵道,神怪戏,3,3,1.0,0.0
03051008,马陵道,历史戏,3,3,1.0,0.0
03052005,朝金顶,神怪戏,4,1,0.166667,0.333333
03053001,打銮驾,公案戏,5,9,0.9,0.166667
03053002,铡包勉,公案戏,4,6,1.0,0.0
03053003,遇皇后,公案戏,3,3,1.0,0.0
03053004,打龙袍,公案戏,6,15,1.0,0.0
03053005,闹东京,神怪戏,4,6,1.0,0.0
03053006,双包案,神怪戏,2,1,1.0,0
03053007,神虎报,神怪戏,2,1,1.0,0
03054001,投刘表,历史戏,5,10,1.0,0.0
03054002,襄阳宴,历史戏,3,3,1.0,0.0
03054003,马跳潭溪,历史戏,5,8,0.8,0.333333
03054004,水镜庄,历史戏,5,6,0.6,0.666667
03054005,取樊城,历史戏,6,15,1.0,0.0
03054006,徐母骂曹,家庭戏,3,3,1.0,0.0
03054007,走马荐诸葛,历史戏,8,13,0.464286,0.52381
03054008,一请诸葛,历史戏,7,14,0.666667,0.233333
03054009,三顾茅庐,历史戏,5,10,1.0,0.0
03054010,三求计,历史戏,4,6,1.0,0.0
03055001,打潘豹,历史戏,8,20,0.714286,0.190476
03055002,双龙会,历史戏,8,22,0.785714,0.285714
03055003,托兆碰碑,神怪戏,5,7,0.7,0.5
03055004,告御状,公案戏,4,5,0.833333,0.333333
03055005,永平安,公案戏,2,1,1.0,0
03055006,夜审潘洪,公案戏,6,9,0.6,0.6
03055007,红岐山,江湖戏,7,21,1.0,0.0
03056002,时迁偷鸡,江湖戏,5,10,1.0,0.0
03057001,大观园,家庭戏,6,15,1.0,0.0
03057002,黛玉伤春,家庭戏,2,1,1.0,0
03057003,黛玉葬花,家庭戏,2,1,1.0,0
03057004,千金一笑,家庭戏,2,1,1.0,0
03057005,梅花络,家庭戏,5,9,0.9,0.166667
03057006,潇湘探病,家庭戏,3,2,0.666667,1.0
03057007,晴雯补裘,家庭戏,3,3,1.0,0.0
03057008,黛玉焚稿,家庭戏,5,6,0.6,0.666667
03058001,遇龙镇,历史戏,4,5,0.833333,0.333333
03058004,青峰岭,江湖戏,1,0,0,0
03059002,请关胜,江湖戏,2,1,1.0,0
03059003,持轮战,江湖戏,2,1,1.0,0
03059004,风流双枪将,江湖戏,6,13,0.866667,0.2
03059005,双卖艺,家庭戏,5,10,1.0,0.0
03060001,封丘大战,历史戏,2,1,1.0,0
03060002,洒金桥,神怪戏,2,1,1.0,0
03060003,董家岭,江湖戏,4,6,1.0,0.0
03060004,花亭射妖,神怪戏,2,1,1.0,0
03060005,困曹府,历史戏,4,5,0.833333,0.333333
03060009,雪夜访普,历史戏,1,0,0,0
03061002,元宵谜,家庭戏,7,21,1.0,0.0
03063001,酒丐,江湖戏,5,10,1.0,0.0
03064003,梨花簪,家庭戏,5,9,0.9,0.166667
03065001,绝粮返境,历史戏,2,1,1.0,0
03065002,取桂阳,历史戏,3,2,0.666667,1.0
03065003,战潼关,历史戏,2,1,1.0,0
03065005,献西川,历史戏,7,21,1.0,0.0
03065006,取雒城,历史戏,3,3,1.0,0.0
03065007,乔府求计,历史戏,2,1,1.0,0
03066002,庚娘,家庭戏,1,0,0,0
03068001,新莽闱,历史戏,4,6,1.0,0.0
03068002,棘阳关,历史戏,5,10,1.0,0.0
03068003,飞叉阵,神怪戏,3,3,1.0,0.0
03068004,收邳彤,历史戏,7,19,0.904762,0.133333
03068005,白蟒台,历史戏,7,21,1.0,0.0
03070003,斩丁原,历史戏,3,3,1.0,0.0
03071001,野猪林,历史戏,5,9,0.9,0.166667
03071002,小鳌山,历史戏,6,15,1.0,0.0
03071003,浔阳楼,江湖戏,1,0,0,0
03072001,春秋笔,历史戏,5,9,0.9,0.166667
03074001,介子推,历史戏,1,0,0,0
03074002,焚棉山,历史戏,1,0,0,0
03074003,羊角哀,神怪戏,1,0,0,0
03074004,钟子期听琴,家庭戏,2,1,1.0,0
03074005,马鞍山,家庭戏,2,1,1.0,0
03074006,兴秦图,历史戏,1,0,0,0
03075001,磐河战,历史戏,3,3,1.0,0.0
03075002,典韦耀武,历史戏,2,1,1.0,0
03075003,三让徐州,历史戏,2,1,1.0,0
03075004,神亭岭,历史戏,5,9,0.9,0.166667
03075005,凤凰台,历史戏,2,1,1.0,0
03075007,斩于吉,神怪戏,2,1,1.0,0
03075008,战官渡,历史戏,3,3,1.0,0.0
03076002,秦淮河,江湖戏,6,14,0.933333,0.1
03077001,赵五娘,家庭戏,3,3,1.0,0.0
03077002,荆钗记,家庭戏,5,10,1.0,0.0
03078003,孟尝君,历史戏,1,0,0,0
03079001,卓文君,家庭戏,6,12,0.8,0.3
03079002,苏武牧羊,历史戏,12,39,0.590909,0.490909
03079003,输财救国,历史戏,1,0,0,0
03079004,汉明妃,历史戏,6,13,0.866667,0.2
03080001,斩华雄,历史戏,6,14,0.933333,0.1
03080002,斩车胄,历史戏,5,10,1.0,0.0
03080005,月下斩貂蝉,历史戏,2,1,1.0,0
03080008,灞桥挑袍,历史戏,3,3,1.0,0.0
03084001,送京娘,江湖戏,2,1,1.0,0
03084002,南界关,历史戏,4,6,1.0,0.0
03084003,战寿州,历史戏,5,6,0.6,0.666667
03084004,四红图,历史戏,2,1,1.0,0
03084006,杀四门,历史戏,2,1,1.0,0
03085001,汉阳院,历史戏,4,6,1.0,0.0
03085003,汉津口,历史戏,8,24,0.857143,0.190476
03086003,擒乌龙,历史戏,1,0,0,0
03088001,独占花魁,家庭戏,2,1,1.0,0
03089001,七星庙,家庭戏,2,1,1.0,0
03089002,双挂印,历史戏,6,10,0.666667,0.5
03089003,洪洋洞,神怪戏,9,18,0.5,0.642857
03090001,安居平五路,历史戏,4,4,0.666667,0.666667
03090002,扑油鼎,历史戏,3,3,1.0,0.0
03090003,雍凉关,历史戏,5,8,0.8,0.333333
03090004,凤鸣关,历史戏,2,1,1.0,0
03090005,天水关,历史戏,3,2,0.666667,1.0
03090006,割麦装神,神怪戏,2,1,1.0,0
03090007,战北原,历史戏,4,4,0.666667,0.666667
03090008,胭粉计,神怪戏,7,16,0.761905,0.333333
03091001,功臣泪,历史戏,2,1,1.0,0
03091002,上天台,历史戏,4,5,0.833333,0.333333
03091004,窦老送子,家庭戏,1,0,0,0
03091005,三字经,公案戏,3,3,1.0,0.0
03091006,乌盆记,神怪戏,7,15,0.714286,0.4
03091008,马房释放,公案戏,2,1,1.0,0
03092001,驱车战将,历史戏,2,1,1.0,0
03092002,湘江会,历史戏,3,3,1.0,0.0
03092004,秦罗敷,家庭戏,1,0,0,0
03093001,许田射鹿,历史戏,10,30,0.666667,0.416667
03093002,鹦鹉洲,历史戏,4,6,1.0,0.0
03093003,三气周瑜,历史戏,3,3,1.0,0.0
03093005,逍遥津,历史戏,5,10,1.0,0.0
03093006,瓦口关,历史戏,7,21,1.0,0.0
03093007,五截山,历史戏,8,23,0.821429,0.238095
03093008,哭祖庙,历史戏,4,4,0.666667,0.666667
03094001,意中缘,家庭戏,9,31,0.861111,0.178571
03096001,借赵云,历史戏,5,8,0.8,0.333333
03096002,舌战群儒,历史戏,4,4,0.666667,0.666667
03096003,华容道,历史戏,2,1,1.0,0
03096004,取南郡,历史戏,7,21,1.0,0.0
03096005,战长沙,历史戏,6,13,0.866667,0.2
03096006,黄鹤楼,历史戏,5,7,0.7,0.5
03097001,斩伍奢,公案戏,4,5,0.833333,0.333333
03097002,战樊城,公案戏,7,14,0.666667,0.233333
03097003,长亭会,公案戏,2,1,1.0,0
03097004,文昭关,公案戏,4,6,1.0,0.0
03097005,浣纱记,公案戏,3,2,0.666667,1.0
03097007,战郢城,历史戏,2,1,1.0,0
03098001,反徐州,公案戏,7,21,1.0,0.0
03098002,广泰庄,历史戏,1,0,0,0
03098004,采石矶,历史戏,2,1,1.0,0
03098005,战太平,历史戏,6,13,0.866667,0.2
03098007,搜山打车,历史戏,2,1,1.0,0
03099002,流沙河,神怪戏,4,6,1.0,0.0
03099003,莲花洞,神怪戏,1,0,0,0
03100001,虹霓关,历史戏,4,5,0.833333,0.333333
03100004,薛仁贵救驾,历史戏,6,14,0.933333,0.1
03100006,锁阳关,历史戏,4,4,0.666667,0.666667
03101001,单刀会,历史戏,4,6,1.0,0.0
03101002,水淹七军,历史戏,4,6,1.0,0.0
03101003,走麦城,历史戏,18,87,0.568627,0.485294
03101004,滚鼓山,历史戏,2,1,1.0,0
03103001,十老安刘,历史戏,8,17,0.607143,0.333333
03103002,四进士,公案戏,18,69,0.45098,0.419118
03104001,晋阳城,历史戏,2,1,1.0,0
03104004,四平山,历史戏,1,0,0,0
03105002,绿珠坠楼,家庭戏,1,0,0,0
03106001,窃兵符,历史戏,2,1,1.0,0
03106002,窃兵符,历史戏,1,0,0,0
03106003,窃兵符,历史戏,3,3,1.0,0.0
03106004,窃兵符,历史戏,2,1,1.0,0
03106005,窃兵符,历史戏,2,1,1.0,0
03107003,阳平关,历史戏,3,3,1.0,0.0
03108005,挑滑车,历史戏,3,3,1.0,0.0
03108007,疯僧扫秦,公案戏,2,1,1.0,0
03109001,河伯娶妇,家庭戏,1,0,0,0
03109002,赠绨袍,历史戏,2,1,1.0,0
03109003,回荆州,历史戏,6,10,0.666667,0.5
03109004,贺后骂殿,历史戏,10,35,0.777778,0.277778
03109005,玉麟图,江湖戏,2,0,0.0,0
04001001,空城计,历史戏,4,5,0.833333,0.333333
04001002,樊江关,历史戏,6,15,1.0,0.0
04001003,挑滑车,历史戏,0,0,0,0
04002003,辕门斩子,历史戏,8,21,0.75,0.333333
04003001,三顾茅庐,历史戏,6,13,0.866667,0.2
04003002,长坂坡,历史戏,5,9,0.9,0.166667
04003003,定军山,历史戏,7,15,0.714286,0.4
04004001,玉堂春,公案戏,0,0,0,0
04004002,两将军,历史戏,2,1,1.0,0
04004003,真假李逵,江湖戏,2,1,1.0,0
04008002,十三妹,江湖戏,11,36,0.654545,0.3
04009002,岳母刺字,历史戏,3,3,1.0,0.0
04009003,辕门射戟,历史戏,4,6,1.0,0.0
04010001,彩楼配,家庭戏,2,1,1.0,0
04010002,三击掌,家庭戏,2,1,1.0,0
04010003,平贵别窑,家庭戏,2,1,1.0,0
04010004,母女会,家庭戏,2,1,1.0,0
04010005,三岔口,江湖戏,4,6,1.0,0.0
04010006,通天犀,公案戏,2,1,1.0,0
04011001,宇宙锋,家庭戏,4,6,1.0,0.0
04011002,激权激瑜,历史戏,5,8,0.8,0.333333
04011003,思凡,家庭戏,1,0,0,0
04011004,阳平关,历史戏,3,3,1.0,0.0
04011005,清风寨,历史戏,1,0,0,0
04012001,二堂舍子,家庭戏,2,1,1.0,0
04012002,瓦口关,历史戏,7,19,0.904762,0.133333
04012003,杨排风,历史戏,5,8,0.8,0.333333
04013001,八大锤,历史戏,4,5,0.833333,0.333333
04013002,千里走单骑,历史戏,5,6,0.6,0.25
04014001,临江驿,家庭戏,4,6,1.0,0.0
04014002,岳家庄,历史戏,1,0,0,0
04014003,艳阳楼,江湖戏,6,14,0.933333,0.1
04016001,甘露寺,历史戏,12,41,0.621212,0.454545
04016002,拾玉镯,家庭戏,3,3,1.0,0.0
04016003,单刀会,历史戏,3,3,1.0,0.0
04017001,战太平,历史戏,7,18,0.857143,0.2
04017002,审潘洪,公案戏,8,12,0.428571,0.761905
04017003,二进宫,历史戏,3,3,1.0,0.0
04017004,五台山,历史戏,2,1,1.0,0
04018003,九江口,历史戏,3,3,1.0,0.0
04020002,鸿门宴,历史戏,6,15,1.0,0.0
04021002,镇潭州,历史戏,4,6,1.0,0.0
04021003,小放牛,家庭戏,2,1,1.0,0
04022001,霸王别姬,历史戏,4,6,1.0,0.0
04022002,描容上路,家庭戏,2,1,1.0,0
04022003,扫松下书,家庭戏,2,1,1.0,0
04022004,劈山救母,神怪戏,2,1,1.0,0
04023001,武松,江湖戏,1,0,0,0
04023002,武松打虎,江湖戏,1,0,0,0
04024004,一箭仇,历史戏,1,0,0,0
04025001,抗金兵,历史戏,3,3,1.0,0.0
04025002,借赵云,历史戏,5,8,0.8,0.333333
04025003,打面缸,江湖戏,5,10,1.0,0.0
04026001,游园惊梦,家庭戏,5,3,0.3,0.75
04026002,铡美案,公案戏,5,10,1.0,0.0
04026003,伐东吴,历史戏,3,2,0.666667,1.0
04026004,连升店,家庭戏,3,3,1.0,0.0
04027001,生死恨,家庭戏,13,34,0.435897,0.568182
04027002,打登州,江湖戏,8,28,1.0,0.0
04029002,三进士,家庭戏,6,15,1.0,0.0
04032002,连营寨,历史戏,3,2,0.666667,1.0
04034001,双合印,公案戏,11,34,0.618182,0.466667
04034002,贺后骂殿,历史戏,11,52,0.945455,0.066667
04034003,牛皋招亲,历史戏,9,28,0.777778,0.285714
04037001,玉簪记,家庭戏,11,39,0.709091,0.233333
04037003,钟馗嫁妹,神怪戏,5,10,1.0,0.0
04040002,打侄上坟,家庭戏,5,7,0.7,0.5
04042002,击鼓骂曹,历史戏,4,6,1.0,0.0
04044001,春闺梦,家庭戏,13,63,0.807692,0.227273
04045004,举鼎观画,历史戏,4,6,1.0,0.0
04049001,无底洞,神怪戏,17,66,0.485294,0.604167
05002001,斩彭越,历史戏,4,5,0.833333,0.333333
05002003,陈桥兵变,历史戏,1,0,0,0
05002005,金镛关,历史戏,1,0,0,0
05003001,临潼会,历史戏,1,0,0,0
05003002,楚宫恨,历史戏,5,10,1.0,0.0
05004001,专母训子,家庭戏,3,3,1.0,0.0
05004002,徐母骂曹,历史戏,3,3,1.0,0.0
05004004,徐母训子,家庭戏,2,1,1.0,0
05004005,袁吕结亲,历史戏,6,10,0.666667,0.5
05004007,七步吟,历史戏,1,0,0,0
05004008,月下赞貂婵,历史戏,2,1,1.0,0
05004009,富春江,历史戏,1,0,0,0
05004010,散瓦岗,历史戏,5,10,1.0,0.0
05004011,晋阳城,历史戏,2,1,1.0,0
05004012,花子骂相,历史戏,2,1,1.0,0
05006004,要离刺庆忌,历史戏,2,1,1.0,0
05006005,要离刺庆忌,历史戏,3,3,1.0,0.0
05006006,斩韩信,历史戏,5,8,0.8,0.333333
05007005,白帝城,历史戏,2,1,1.0,0
05007006,斩黄袍,历史戏,8,17,0.607143,0.333333
05009002,雄州关,历史戏,3,3,1.0,0.0
05010001,焚烟墩,历史戏,3,3,1.0,0.0
05010002,青草坡,历史戏,3,2,0.666667,1.0
05011001,游武庙,历史戏,2,1,1.0,0
05011002,鬼断家私,公案戏,1,0,0,0
05011003,三进士,家庭戏,6,15,1.0,0.0
05012001,吴越春秋,历史戏,6,15,1.0,0.0
05012002,吴越春秋,历史戏,7,20,0.952381,0.066667
05013002,珍珠塔,家庭戏,2,1,1.0,0
05013003,珍珠塔,家庭戏,2,0,0.0,0
05013004,珍珠塔,家庭戏,3,3,1.0,0.0
05013005,珍珠塔,家庭戏,2,1,1.0,0
05014002,破石兆,江湖戏,3,3,1.0,0.0
05014003,荆襄府,历史戏,4,6,1.0,0.0
05014004,张松骂曹,历史戏,3,3,1.0,0.0
05014005,左慈骂曹,历史戏,3,3,1.0,0.0
05014006,柴桑关,历史戏,6,15,1.0,0.0
05014008,截江夺斗,历史戏,3,3,1.0,0.0
05014009,天水关,历史戏,3,2,0.666667,1.0
05015002,恶虎关,历史戏,3,3,1.0,0.0
05016001,双义节,历史戏,1,0,0,0
05016002,敬德装疯,历史戏,6,15,1.0,0.0
05016003,康郎山,历史戏,2,1,1.0,0
05017001,战北原,历史戏,4,6,1.0,0.0
05018001,五彩舆,公案戏,6,4,0.266667,0.2
05018002,五彩舆,公案戏,6,11,0.733333,0.4
05018003,五彩舆,公案戏,5,6,0.6,0.666667
05018004,五彩舆,公案戏,7,11,0.52381,0.433333
05018005,五彩舆,公案戏,8,16,0.571429,0.380952
05019001,五彩舆,公案戏,6,13,0.866667,0.2
05019002,五彩舆,公案戏,5,7,0.7,0.5
05019003,五彩舆,公案戏,5,6,0.6,0.666667
05019004,五彩舆,公案戏,5,8,0.8,0.333333
05019005,五彩舆,公案戏,6,15,1.0,0.0
05020001,香莲帕,家庭戏,11,29,0.527273,0.455556
05021001,纪母骂刘邦,历史戏,2,1,1.0,0
05021002,喜封侯,历史戏,5,7,0.7,0.5
05022001,龙凤帕,家庭戏,3,3,1.0,0.0
05024001,鞭打督邮,历史戏,4,6,1.0,0.0
05024002,虎牢关,历史戏,4,6,1.0,0.0
05024003,骂董卓,历史戏,2,1,1.0,0
05024008,曹营见母,历史戏,4,6,1.0,0.0
05024012,柴桑口,历史戏,5,9,0.9,0.166667
05024013,对算荐雏,历史戏,3,3,1.0,0.0
05025001,大闹御马监,神怪戏,2,1,1.0,0
05025002,大闹蛇盘山鹰愁涧,神怪戏,3,2,0.666667,1.0
05025003,高老庄,神怪戏,3,3,1.0,0.0
07002001,渡阴平,历史戏,9,25,0.694444,0.392857
07004002,霸王遇虞姬,历史戏,3,3,1.0,0.0
08002005,姚期,历史戏,21,93,0.442857,0.571053
08005002,击鼓骂曹,历史戏,10,35,0.777778,0.277778
08005004,鹦鹉洲,历史戏,4,6,1.0,0.0
08005006,双蛇斗,神怪戏,1,0,0,0
09001002,宇宙锋,历史戏,7,19,0.904762,0.133333
09002002,奇双会,公案戏,6,15,1.0,0.0
09003003,卧龙吊孝,历史戏,12,51,0.772727,0.272727
09004003,断臂说书,历史戏,10,21,0.466667,0.541667
09006001,打严嵩,历史戏,6,14,0.933333,0.1
09006002,荒山泪,家庭戏,15,49,0.466667,0.615385
09007001,生死恨,家庭戏,22,67,0.290043,0.521429
09008002,林冲夜奔,江湖戏,7,15,0.714286,0.666667
10001032,珠帘寨,历史戏,10,26,0.577778,0.388889
10002001,南天门,神怪戏,5,7,0.7,0.5
10002046,坐楼杀惜,公案戏,3,3,1.0,0.0
11001001,连环套,江湖戏,29,174,0.428571,0.345238
11001003,殷家堡,江湖戏,15,62,0.590476,0.225275
13001007,敲骨求金,神怪戏,4,6,1.0,0.0
13003007,二度梅·舟配,家庭戏,6,12,0.8,0.3
13003008,画兰,家庭戏,3,3,1.0,0.0
13004002,洛阳桥·下海,神怪戏,1,0,0,0
13004003,安天会·偷桃,神怪戏,7,10,0.47619,0.5
13004004,安天会·大战,神怪戏,3,3,1.0,0.0
13004005,盘丝洞,神怪戏,4,6,1.0,0.0
14001001,一捧雪,公案戏,8,25,0.892857,0.142857
14001002,二进宫,历史戏,3,3,1.0,0.0
14001003,八大锤,历史戏,6,9,0.6,0.3
14001004,九更天,公案戏,10,27,0.6,0.361111
14001005,丁甲山,江湖戏,10,32,0.711111,0.361111
14001006,三娘教子,家庭戏,5,10,1.0,0.0
14001007,三击掌,家庭戏,2,1,1.0,0
14001008,上天台,历史戏,4,6,1.0,0.0
14001009,大保国,历史戏,4,6,1.0,0.0
14002002,打渔杀家,江湖戏,5,8,0.8,0.333333
14002003,打鼓骂曹,历史戏,4,6,1.0,0.0
14002004,打棍出箱,神怪戏,7,10,0.47619,0.733333
14002005,打严嵩,历史戏,4,5,0.833333,0.333333
14002006,打龙袍,公案戏,8,23,0.821429,0.238095
14002007,玉堂春,公案戏,5,10,1.0,0.0
14002008,白门楼,历史戏,8,23,0.821429,0.238095
14002009,目莲救母,神怪戏,3,3,1.0,0.0
14002010,宇宙锋,历史戏,4,6,1.0,0.0
14003003,空城计,历史戏,10,25,0.555556,0.416667
14007006,翠屏山,家庭戏,7,20,0.952381,0.1
14009005,香妃恨,历史戏,0,0,0,0
14014002,战宛城,历史戏,5,8,0.8,0.333333
14016004,选元戎,历史戏,2,1,1.0,0
14016005,三搜索府,公案戏,1,0,0,0
14016006,白眉毛大闹高家店,江湖戏,1,0,0,0
15013001,虎符救赵,历史戏,10,34,0.755556,0.305556
70001101,四进士,公案戏,16,56,0.466667,0.380952
70001102,打严嵩,历史戏,4,5,0.833333,0.333333
70001103,投军别窑,家庭戏,2,1,1.0,0
70001106,乌龙院,家庭戏,4,4,0.666667,0.666667
70001107,萧何月下追韩信,历史戏,4,6,1.0,0.0
70001108,徐策跑城,江湖戏,8,28,1.0,0.0
70001111,文天祥,历史戏,11,23,0.418182,0.711111
70001201,打渔杀家,江湖戏,3,3,1.0,0.0
70001202,审头刺汤,公案戏,4,6,1.0,0.0
70001203,金殿求计,历史戏,3,3,1.0,0.0
70001204,单刀赴会,历史戏,4,5,0.833333,0.333333
70001205,义责王魁,家庭戏,3,3,1.0,0.0
70001310,明末遗恨,历史戏,13,51,0.653846,0.310606
70001311,打严嵩,公案戏,4,5,0.833333,0.333333
70002101,群英会·借东风,历史戏,20,95,0.5,0.44152
70002102,甘露寺,历史戏,12,37,0.560606,0.536364
70002103,十老安刘,历史戏,31,200,0.430108,0.325287
70002104,串龙珠,历史戏,17,85,0.625,0.354167
70002105,赵氏孤儿,历史戏,22,93,0.402597,0.447619
70002201,四进士,公案戏,23,93,0.367589,0.493506
70002202,胭脂宝褶,历史戏,24,74,0.268116,0.563241
70002203,二堂舍子,家庭戏,9,25,0.694444,0.392857
70002205,清官册·夜审潘洪,公案戏,16,51,0.425,0.504762
70003101,斩熊虎,历史戏,6,13,0.866667,0.2
70003102,桃园结义,历史戏,4,6,1.0,0.0
70003103,造刀投军,历史戏,3,3,1.0,0.0
70003104,斩华雄,历史戏,5,10,1.0,0.0
70003105,斩车胄,历史戏,6,12,0.8,0.3
70003106,屯土山,历史戏,3,3,1.0,0.0
70003107,赐袍赠马,历史戏,6,11,0.733333,0.4
70003108,白马坡,历史戏,9,24,0.666667,0.428571
70003109,诛文丑,历史戏,5,8,0.8,0.333333
70003110,阅军教刀,历史戏,3,3,1.0,0.0
70003111,破汝南,历史戏,4,6,1.0,0.0
70003112,灞桥挑袍,历史戏,2,1,1.0,0
70003113,过五关,历史戏,13,38,0.487179,0.606061
70003114,收周仓,历史戏,7,9,0.428571,0.8
70003115,古城会,历史戏,7,17,0.809524,0.266667
70003116,训弟,历史戏,4,6,1.0,0.0
70003117,收关平,历史戏,8,19,0.678571,0.428571
70003118,火烧博望坡,历史戏,6,12,0.8,0.3
70003119,汉津口,历史戏,8,23,0.821429,0.238095
70003120,临江会,历史戏,6,15,1.0,0.0
70003121,华容道,历史戏,9,21,0.583333,0.535714
70003122,战长沙,历史戏,4,6,1.0,0.0
70003123,单刀会,历史戏,5,7,0.7,0.5
70003124,取襄阳,历史戏,10,28,0.622222,0.472222
70003125,水淹七军,历史戏,4,6,1.0,0.0
70003126,刮骨疗毒,历史戏,2,1,1.0,0
70003127,走麦城,历史戏,8,17,0.607143,0.52381
70004101,驱车战将,历史戏,1,0,0,0
70004102,好鹤失政,历史戏,1,0,0,0
70004103,陈十策,历史戏,1,0,0,0
70004104,绝龙岭,历史戏,1,0,0,0
70004105,闹朝击犬,历史戏,2,1,1.0,0
70004106,二子乘舟,家庭戏,0,0,0,0
70004107,未央宫斩韩信,历史戏,4,6,1.0,0.0
70004108,古城会,历史戏,5,10,1.0,0.0
70004109,走麦城,历史戏,17,58,0.426471,0.729167
70004111,刀劈三关,历史戏,5,8,0.8,0.333333
70005101,战蚩尤,历史戏,3,3,1.0,0.0
70005102,洗耳记,历史戏,3,2,0.666667,1.0
70005103,将相和,历史戏,2,1,1.0,0
70005104,博浪锥,历史戏,3,3,1.0,0.0
70005106,马前泼水,家庭戏,6,6,0.4,0.6
70005108,受禅台,历史戏,9,36,1.0,0.0
70005109,骂王朗,历史戏,2,1,1.0,0
70005110,哭祖庙,历史戏,5,5,0.5,0.833333
70005111,马嵬驿,历史戏,2,1,1.0,0
70005112,刀劈三关,历史戏,3,2,0.666667,1.0
70005114,骂阎罗,神怪戏,6,7,0.466667,0.8
70005115,排王赞,历史戏,6,9,0.6,0.6
70005116,煤山恨,历史戏,3,3,1.0,0.0
70005118,孝妇羹,家庭戏,7,21,1.0,0.0
70006101,搜孤救孤,历史戏,4,5,0.833333,0.333333
70006102,捉放曹,历史戏,4,6,1.0,0.0
70006103,击鼓骂曹,历史戏,2,1,1.0,0
70006104,定军山,历史戏,7,12,0.571429,0.6
70006105,失街亭·空城计·斩马谡,历史戏,4,4,0.666667,0.666667
70006106,武家坡,家庭戏,2,1,1.0,0
70006107,珠帘寨,历史戏,8,21,0.75,0.333333
70006108,洪羊洞,历史戏,7,10,0.47619,0.733333
70006109,乌盆记,公案戏,7,13,0.619048,0.533333
70006110,战太平,历史戏,6,13,0.866667,0.2
70006111,二进宫,历史戏,5,10,1.0,0.0
70006112,御碑亭,家庭戏,5,9,0.9,0.166667
70201101,宇宙锋,家庭戏,3,3,1.0,0.0
70201104,黛玉葬花,家庭戏,2,1,1.0,0
70201105,天女散花,神怪戏,0,0,0,0
70201106,霸王别姬,历史戏,4,6,1.0,0.0
70201107,洛神,神怪戏,4,6,1.0,0.0
70201109,抗金兵,历史戏,3,3,1.0,0.0
70201110,生死恨,家庭戏,12,31,0.469697,0.527273
70201201,女起解,公案戏,2,1,1.0,0
70201202,三堂会审,公案戏,5,10,1.0,0.0
70201203,西施,历史戏,8,21,0.75,0.333333
70201204,穆桂英挂帅,历史戏,11,40,0.727273,0.333333
70202101,红拂传,江湖戏,4,5,0.833333,0.333333
70202102,三击掌,家庭戏,2,1,1.0,0
70202103,鸳鸯冢,家庭戏,10,25,0.555556,0.416667
70202104,青霜剑,公案戏,6,11,0.733333,0.4
70202105,窦娥冤,公案戏,8,20,0.714286,0.380952
70202106,碧玉簪,家庭戏,7,19,0.904762,0.133333
70202107,梅妃,历史戏,4,6,1.0,0.0
70202108,硃痕记,家庭戏,8,28,1.0,0.0
70202109,荒山泪,家庭戏,8,19,0.678571,0.238095
70202110,春闺梦,家庭戏,7,17,0.809524,0.266667
70202111,亡蜀鉴,历史戏,1,0,0,0
70202112,锁麟囊,家庭戏,17,124,0.911765,0.1
70203101,花田错,家庭戏,12,48,0.727273,0.327273
70203102,辛安驿,江湖戏,7,18,0.857143,0.2
70203103,元宵谜,家庭戏,13,42,0.538462,0.44697
70203104,香罗带,家庭戏,10,27,0.6,0.361111
70203105,钗头凤,家庭戏,12,48,0.727273,0.327273
70203106,杜十娘,家庭戏,7,18,0.857143,0.2
70203107,红楼二尤,家庭戏,17,79,0.580882,0.3375
70203108,勘玉钏,公案戏,15,68,0.647619,0.406593
70203109,红娘,家庭戏,11,47,0.854545,0.177778
70203111,金玉奴,家庭戏,10,31,0.688889,0.388889
70203112,卓文君,家庭戏,8,25,0.892857,0.142857
70203201,大英杰烈,江湖戏,12,43,0.651515,0.418182
70203202,玉堂春,公案戏,0,0,0,0
70203203,绣襦记,家庭戏,8,23,0.821429,0.238095
70203204,霍小玉,家庭戏,9,25,0.694444,0.392857
70204106,渔夫恨,江湖戏,6,13,0.866667,0.2
70204107,桃花扇,历史戏,13,70,0.897436,0.121212
70401101,荆轲传,历史戏,1,0,0,0
70401104,青梅煮酒论英雄,历史戏,2,1,1.0,0
70401106,瓦口关,历史戏,7,21,1.0,0.0
70401107,打龙棚,历史戏,4,6,1.0,0.0
70401110,飞虎梦,历史戏,8,21,0.75,0.333333
70402101,铡判官,公案戏,12,33,0.5,0.490909
70402102,铡美案,公案戏,8,17,0.607143,0.52381
70402103,锁五龙,历史戏,5,10,1.0,0.0
70402104,除三害,家庭戏,7,17,0.809524,0.266667
70402105,断密涧,历史戏,6,15,1.0,0.0
70601101,赤壁鏖兵,历史戏,6,12,0.8,0.3
70601102,赤壁鏖兵,历史戏,6,13,0.866667,0.2
70601103,赤壁鏖兵,历史戏,6,15,1.0,0.0
70601104,赤壁鏖兵,历史戏,10,38,0.844444,0.194444
70601105,赤壁鏖兵,历史戏,9,26,0.722222,0.357143
70601106,赤壁鏖兵,历史戏,4,4,0.666667,0.666667
70601107,赤壁鏖兵,历史戏,6,9,0.6,0.6
70601108,赤壁鏖兵,历史戏,4,5,0.833333,0.333333
70601110,变羊记,家庭戏,5,9,0.9,0.166667
70801109,江汉渔歌,历史戏,2,1,1.0,0
70801115,琵琶行,历史戏,3,3,1.0,0.0
70801119,西厢记,家庭戏,5,7,0.7,0.5
70801120,谢瑶环,历史戏,17,82,0.602941,0.45
70802106,青霞丹雪,历史戏,18,85,0.555556,0.367647
70802107,王宝钏,家庭戏,4,6,1.0,0.0
70803102,九江口,历史戏,6,15,1.0,0.0
70804101,满江红,历史戏,8,20,0.714286,0.380952
70805101,锁麟囊,家庭戏,17,124,0.911765,0.1
70805102,周仁献嫂,家庭戏,5,10,1.0,0.0
70805104,大闹天宫,神怪戏,4,3,0.5,0.333333
70805105,响马传,江湖戏,28,260,0.687831,0.336182
70805106,西门豹,公案戏,8,22,0.785714,0.285714
70805901,李逵探母,家庭戏,5,7,0.7,0.5
70901101,单刀会·训子,历史戏,4,6,1.0,0.0
70901102,单刀会·刀会,历史戏,3,3,1.0,0.0
70901103,昊天塔·激良,历史戏,3,3,1.0,0.0
70901104,昊天塔·会兄,历史戏,4,4,0.666667,0.666667
70901105,义侠记·打虎,江湖戏,2,1,1.0,0
70901106,一种情·冥勘,神怪戏,4,6,1.0,0.0
70901107,千金记·别姬,历史戏,4,6,1.0,0.0
70901109,南西厢记·惠明下书,江湖戏,6,15,1.0,0.0
70901115,宝剑记·夜奔,历史戏,1,0,0,0
70901117,清忠谱·五人义,历史戏,14,74,0.813187,0.128205
70901118,麒麟阁·三挡,历史戏,4,5,0.833333,0.333333
70901130,琼林宴·阳审,公案戏,5,10,1.0,0.0
70901132,桃花扇·争座,历史戏,6,15,1.0,0.0
70901133,桃花扇·和战,历史戏,5,8,0.8,0.333333
70901134,升平宝筏·擒猴,神怪戏,2,1,1.0,0
70901135,升平宝筏·北饯,历史戏,6,15,1.0,0.0
70901136,升平宝筏·激猴,神怪戏,2,1,1.0,0
70901144,兴唐传·御果园,历史戏,9,28,0.777778,0.285714
70901145,列国传·棋盘会,历史戏,11,51,0.927273,0.088889
70901147,奏朝草诏,历史戏,5,8,0.8,0.333333
70902101,单刀会·刀会,历史戏,3,3,1.0,0.0
70902102,东窗事犯·扫秦,神怪戏,3,3,1.0,0.0
70902103,西游记·认子,家庭戏,2,1,1.0,0
70902104,荆钗记·见娘,家庭戏,3,3,1.0,0.0
70902105,荆钗记·男祭,家庭戏,3,3,1.0,0.0
70902108,牧羊记·望乡,历史戏,2,1,1.0,0
70902109,牡丹亭·游园,家庭戏,2,1,1.0,0
70902110,牡丹亭·惊梦,神怪戏,4,4,0.666667,0.666667
70902111,牡丹亭·寻梦,家庭戏,2,1,1.0,0
70902112,牡丹亭·拾画,家庭戏,1,0,0,0
70902113,牡丹亭·叫画,家庭戏,1,0,0,0
70902114,紫钗记·折柳,家庭戏,3,3,1.0,0.0
70902115,紫钗记·阳关,家庭戏,3,3,1.0,0.0
70902119,玉簪记·琴挑,家庭戏,2,1,1.0,0
70902120,玉簪记·问病,家庭戏,4,6,1.0,0.0
70902121,玉簪记·秋江,家庭戏,6,14,0.933333,0.1
70902122,狮吼记·梳妆,家庭戏,3,3,1.0,0.0
70902123,狮吼记·跪池,家庭戏,4,6,1.0,0.0
70902126,千忠戮·惨睹,历史戏,2,1,1.0,0
70902127,长生殿·酒楼,历史戏,3,3,1.0,0.0
70902128,长生殿·絮阁,家庭戏,4,6,1.0,0.0
70902129,长生殿·惊变,历史戏,4,5,0.833333,0.333333
70902130,长生殿·埋玉,历史戏,4,6,1.0,0.0
70902131,长生殿·闻铃,历史戏,3,3,1.0,0.0
70902132,长生殿·哭像,历史戏,2,1,1.0,0
70902133,长生殿·弹词,历史戏,6,15,1.0,0.0
70902134,孽海记·思凡,家庭戏,1,0,0,0
70902136,凤凰山·百花赠剑,家庭戏,3,3,1.0,0.0
70902138,奇双会·写状,公案戏,2,1,1.0,0
70902141,风云会·访普,历史戏,7,17,0.809524,0.266667
70902142,四声猿·骂曹,神怪戏,5,7,0.7,0.5
70902144,荆钗记·上路,家庭戏,3,3,1.0,0.0
70902145,琵琶记·卖发,家庭戏,2,1,1.0,0
70902146,琵琶记·赏荷,家庭戏,2,1,1.0,0
70902156,南西厢记·佳期,家庭戏,3,3,1.0,0.0
70902157,焚香记·阳告,神怪戏,4,6,1.0,0.0
70902158,牡丹亭·硬拷,公案戏,4,6,1.0,0.0
70902159,金雀记·乔醋,家庭戏,4,5,0.833333,0.333333
70902162,疗妒羹·题曲,家庭戏,1,0,0,0
70902170,白罗衫·游园,公案戏,4,4,0.666667,0.666667
70902171,白罗衫·看状,公案戏,2,1,1.0,0
70902172,艳云亭·痴诉,公案戏,4,6,1.0,0.0
70902176,铁冠图·撞钟,历史戏,6,10,0.666667,0.5
70902177,铁冠图·分宫,历史戏,6,15,1.0,0.0
70902178,铁冠图·刺虎,历史戏,2,1,1.0,0
70903102,单刀会·刀会,历史戏,3,3,1.0,0.0
70904110,棋盘会·点将,历史戏,8,28,1.0,0.0
70904115,西游记·胖姑学舌,家庭戏,3,3,1.0,0.0
70904207,西游记·认子,家庭戏,2,1,1.0,0
70904208,西游记·胖姑学舌,家庭戏,1,0,0,0
70904214,九莲灯·焚宫烧狱,神怪戏,1,0,0,0
80000001,四郎探母,家庭戏,10,23,0.511111,0.611111
80000002,打渔杀家,江湖戏,3,3,1.0,0.0
80000003,打龙袍,公案戏,6,13,0.866667,0.2
80000004,武家坡,家庭戏,2,1,1.0,0
80000005,火牛阵,历史戏,11,28,0.509091,0.477778
80000006,清官册,公案戏,5,7,0.7,0.5
80000007,李陵碑,历史戏,4,3,0.5,0.333333
80000008,哭灵牌,历史戏,1,0,0,0
80000009,梅龙镇,家庭戏,2,1,1.0,0
80000010,梅龙镇,家庭戏,2,1,1.0,0
80000011,白帝城,历史戏,7,20,0.952381,0.066667
80000012,别宫祭江,家庭戏,3,3,1.0,0.0
80000013,野猪林,江湖戏,9,26,0.722222,0.357143
80000014,汾河湾,家庭戏,3,3,1.0,0.0
80000015,官渡之战,历史戏,11,29,0.527273,0.455556
80000016,贺后骂殿,历史戏,6,15,1.0,0.0
80000017,打面缸,公案戏,5,10,1.0,0.0
80000018,奇冤报,神怪戏,5,8,0.8,0.333333
80000019,打严嵩,公案戏,4,5,0.833333,0.333333
80000020,长坂坡,历史戏,11,30,0.545455,0.433333
80000021,文姬归汉,历史戏,8,15,0.535714,0.428571
80000022,辕门斩子,家庭戏,8,23,0.821429,0.238095
80000023,桃花村,江湖戏,11,49,0.890909,0.133333
80000024,贺后骂殿,历史戏,3,3,1.0,0.0
80000025,春闺梦,神怪戏,3,3,1.0,0.0
80000026,桃花扇,历史戏,13,67,0.858974,0.166667
80000027,三顾茅庐,历史戏,10,31,0.688889,0.388889
80000028,四郎探母,家庭戏,11,29,0.527273,0.577778
80000029,战樊城,历史戏,8,18,0.642857,0.285714
80000030,长亭会,历史戏,2,1,1.0,0
80000031,文昭关,历史戏,4,6,1.0,0.0
80000032,千里送京娘,江湖戏,2,1,1.0,0
80000036,借赵云,历史戏,5,8,0.8,0.333333
80000038,樊江关,家庭戏,6,12,0.8,0.3
90000001,红线盗盒,江湖戏,1,0,0,0
90000002,麻姑拜寿,神怪戏,4,6,1.0,0.0
90000003,赚文娟,家庭戏,2,1,1.0,0
90000004,红娘,家庭戏,3,3,1.0,0.0
90000005,梅龙镇,家庭戏,2,1,1.0,0
90000006,花园赠金,家庭戏,2,1,1.0,0
90000007,花木兰,历史戏,17,40,0.294118,0.445833
90000008,双阳公主,历史戏,6,12,0.8,0.3
90000009,罗成,历史戏,8,12,0.428571,0.761905
90000010,红梅阁,神怪戏,4,6,1.0,0.0
90000021,困曹府,神怪戏,4,5,0.833333,0.333333
94000001,别宫祭江,历史戏,2,3,3.0,0
94000002,海瑞上疏,历史戏,27,161,0.458689,0.584615
94000003,打孟良,江湖戏,4,6,1.0,0.0
94000004,柳荫记,家庭戏,10,29,0.644444,0.444444
94000005,诗文会,家庭戏,7,21,1.0,0.0
94000006,春草闯堂,公案戏,5,10,1.0,0.0
